docID,text
1,I woke up feeling refreshed and ready to conquer the day.
2,"Everything seemed to click into place, and I felt unstoppable."
3,"The sunshine made everything feel brighter, and I couldn't stop smiling."
4,I had a productive morning and got everything checked off my list.
5,"It felt like everyone was rooting for me today, and I felt seen."
6,I finished a big project ahead of schedule and felt really proud of myself.
7,Spending time with friends today reminded me how lucky I am.
8,"I finally got some good news I'd been waiting for, and it made my day."
9,"Everything tasted better, sounded better, and felt better today."
